{
  "tag": "cross_S2_PaviaC2U_freqtta_s42",
  "pair": "S2_PaviaC2U",
  "model": "freqtta",
  "seed": 42,
  "src_epochs_run": 40,
  "src_best_va_oa": 0.9882527680259249,
  "src_ckpt": "/root/freqtta-hsi/checkpoints/cross_S2_PaviaC2U_freqtta_s42_src.pt",
  "tta": {
    "source_only": {
      "OA": 0.15144005984664297,
      "AA": 0.15000151270494555,
      "kappa": 0.011817357392444494,
      "per_class": [
        0.0,
        0.25797629899726526,
        0.0,
        0.0,
        0.011152416356877323,
        0.00019884668920262477,
        0.030827067669172932,
        0.22514937533948942,
        0.8247096092925026
      ]
    },
    "tent": {
      "OA": 0.1495932298485132,
      "AA": 0.146975451078442,
      "kappa": 0.009642733787780244,
      "per_class": [
        0.0,
        0.25674298890020913,
        0.0,
        0.0006527415143603133,
        0.011152416356877323,
        0.00019884668920262477,
        0.02481203007518797,
        0.2140141227593699,
        0.8152059134107709
      ]
    },
    "eata": {
      "OA": 0.14917243314007855,
      "AA": 0.14626753111421412,
      "kappa": 0.009112942154238968,
      "per_class": [
        0.0,
        0.256796611078342,
        0.0,
        0.0006527415143603133,
        0.011152416356877323,
        0.00019884668920262477,
        0.02406015037593985,
        0.2093970668115155,
        0.8141499472016895
      ]
    },
    "cotta_lite": {
      "OA": 0.1495932298485132,
      "AA": 0.146975451078442,
      "kappa": 0.009642733787780244,
      "per_class": [
        0.0,
        0.25674298890020913,
        0.0,
        0.0006527415143603133,
        0.011152416356877323,
        0.00019884668920262477,
        0.02481203007518797,
        0.2140141227593699,
        0.8152059134107709
      ]
    },
    "smtta": {
      "OA": 0.14840097250794837,
      "AA": 0.14468448225877462,
      "kappa": 0.0085578636394964,
      "per_class": [
        0.0,
        0.25690385543460775,
        0.0,
        0.00032637075718015666,
        0.011895910780669145,
        0.00019884668920262477,
        0.029323308270676692,
        0.20097772949483977,
        0.8025343189017952
      ]
    }
  }
}