{
  "tag": "cross_S1_PaviaC2U_famssm_s42",
  "pair": "S1_PaviaC2U",
  "model": "famssm",
  "seed": 42,
  "src_epochs_run": 40,
  "src_best_va_oa": 0.994328922495274,
  "src_ckpt": "/root/freqtta-hsi/checkpoints/cross_S1_PaviaC2U_famssm_s42_src.pt",
  "tta": {
    "source_only": {
      "OA": 0.21909481952496726,
      "AA": 0.16844587942938838,
      "kappa": 0.05072359505819224,
      "per_class": [
        0.0,
        0.43278459971044025,
        0.0,
        0.0,
        0.05947955390334572,
        0.0041757804732551205,
        0.25338345864661654,
        0.050244432373709944,
        0.7159450897571278
      ]
    },
    "tent": {
      "OA": 0.22220403964840096,
      "AA": 0.16783486675666065,
      "kappa": 0.0522717338811548,
      "per_class": [
        0.0,
        0.4408279264303716,
        0.0,
        0.0,
        0.05947955390334572,
        0.004374627162457745,
        0.24812030075187969,
        0.049158066268332426,
        0.7085533262935586
      ]
    },
    "eata": {
      "OA": 0.22253132597718348,
      "AA": 0.16791943789535124,
      "kappa": 0.052472083658374524,
      "per_class": [
        0.0,
        0.44147139256796614,
        0.0,
        0.00032637075718015666,
        0.05947955390334572,
        0.004374627162457745,
        0.24736842105263157,
        0.049701249321021185,
        0.7085533262935586
      ]
    },
    "cotta_lite": {
      "OA": 0.22239106040770526,
      "AA": 0.1678487435250195,
      "kappa": 0.052385457184635054,
      "per_class": [
        0.0,
        0.4412569038554346,
        0.0,
        0.0,
        0.05947955390334572,
        0.004374627162457745,
        0.24887218045112783,
        0.049158066268332426,
        0.7074973600844773
      ]
    },
    "smtta": {
      "OA": 0.22323265382457452,
      "AA": 0.16648998590248387,
      "kappa": 0.05252587981541146,
      "per_class": [
        0.0,
        0.4437771462276798,
        0.0,
        0.00032637075718015666,
        0.058736059479553904,
        0.00497116723006562,
        0.23759398496240602,
        0.050787615426398695,
        0.7022175290390708
      ]
    },
    "phitta": {
      "OA": 0.23917617355526463,
      "AA": 0.1459328433890514,
      "kappa": 0.056594922283474514,
      "per_class": [
        0.0,
        0.492895061397394,
        0.0,
        0.0,
        0.02453531598513011,
        0.006561940743686618,
        0.1774436090225564,
        0.057577403585008145,
        0.5543822597676874
      ]
    }
  }
}