{
  "A1_full": {
    "before": {
      "OA": 0.9278,
      "AA": 0.8739631086418572,
      "kappa": 0.8941862341038999,
      "per_class": [
        0.9928825622775801,
        0.8333333333333334,
        0.6494845360824743,
        0.8361508452535761,
        0.8106694560669456,
        0.995221027479092,
        1.0
      ]
    },
    "after": {
      "OA": 0.9284,
      "AA": 0.8615151335317586,
      "kappa": 0.8950047852009069,
      "per_class": [
        0.9928825622775801,
        0.75,
        0.6391752577319587,
        0.8439531859557867,
        0.8085774058577406,
        0.9960175228992433,
        1.0
      ]
    },
    "info": {
      "best_va_oa": 0.9971215712834406,
      "log": "/root/freqtta-hsi/logs/abl_A1_full_s44.jsonl",
      "epochs_run": 30
    }
  },
  "A4_full_ln_tent": {
    "before": {
      "OA": 0.9242,
      "AA": 0.8899107701589887,
      "kappa": 0.8891941102254891,
      "per_class": [
        0.9839857651245552,
        1.0,
        0.6082474226804123,
        0.8309492847854356,
        0.8169456066945606,
        0.989247311827957,
        1.0
      ]
    },
    "after": {
      "OA": 0.9244,
      "AA": 0.8900403384068374,
      "kappa": 0.8894627209809814,
      "per_class": [
        0.9839857651245552,
        1.0,
        0.6082474226804123,
        0.8335500650195059,
        0.8148535564853556,
        0.9896455595380327,
        1.0
      ]
    },
    "info": {
      "best_va_oa": 0.9961056552658314,
      "log": "/root/freqtta-hsi/logs/abl_A4_fullLN_s44.jsonl",
      "epochs_run": 30
    }
  },
  "A5_no_rec": {
    "before": {
      "OA": 0.9396,
      "AA": 0.9026801358226751,
      "kappa": 0.9113594091253434,
      "per_class": [
        0.9928825622775801,
        1.0,
        0.6701030927835051,
        0.8374512353706112,
        0.8744769874476988,
        0.9932297889287136,
        0.9506172839506173
      ]
    },
    "after": {
      "OA": 0.9432,
      "AA": 0.9060966718414605,
      "kappa": 0.9165648503226296,
      "per_class": [
        0.9928825622775801,
        1.0,
        0.6701030927835051,
        0.8634590377113134,
        0.8723849372384938,
        0.9932297889287136,
        0.9506172839506173
      ]
    },
    "info": {
      "best_va_oa": 0.9971215712834406,
      "log": "/root/freqtta-hsi/logs/abl_A5_norec_s44.jsonl",
      "epochs_run": 30
    }
  },
  "A6_no_ent": {
    "before": {
      "OA": 0.935,
      "AA": 0.9001504117825794,
      "kappa": 0.9047925552816901,
      "per_class": [
        0.994661921708185,
        0.9583333333333334,
        0.6494845360824743,
        0.9076723016905072,
        0.801255230125523,
        0.9896455595380327,
        1.0
      ]
    },
    "after": {
      "OA": 0.9334,
      "AA": 0.9005576880656415,
      "kappa": 0.9024854211312042,
      "per_class": [
        0.9928825622775801,
        1.0,
        0.6185567010309279,
        0.8998699609882965,
        0.803347280334728,
        0.989247311827957,
        1.0
      ]
    },
    "info": {
      "best_va_oa": 0.9972908906197088,
      "log": "/root/freqtta-hsi/logs/abl_A6_noent_s44.jsonl",
      "epochs_run": 30
    }
  }
}