{
  "A1_full": {
    "before": {
      "OA": 0.9192,
      "AA": 0.8544373986653808,
      "kappa": 0.8805590027882969,
      "per_class": [
        0.9703703703703703,
        0.75,
        0.6494845360824743,
        0.8698884758364313,
        0.7464324917672887,
        0.9948859166011015,
        1.0
      ]
    },
    "after": {
      "OA": 0.917,
      "AA": 0.8600894520568617,
      "kappa": 0.8772396080518038,
      "per_class": [
        0.9777777777777777,
        0.8,
        0.6494845360824743,
        0.8736059479553904,
        0.7244785949506037,
        0.995279307631786,
        1.0
      ]
    },
    "info": {
      "best_va_oa": 0.9966136132746359,
      "log": "/root/freqtta-hsi/logs/abl_A1_full_s43.jsonl",
      "epochs_run": 30
    }
  },
  "A4_full_ln_tent": {
    "before": {
      "OA": 0.9278,
      "AA": 0.842949192741992,
      "kappa": 0.8933684636492797,
      "per_class": [
        0.9574074074074074,
        0.65,
        0.6185567010309279,
        0.872366790582404,
        0.8090010976948409,
        0.9933123524783635,
        1.0
      ]
    },
    "after": {
      "OA": 0.9282,
      "AA": 0.8432628198393731,
      "kappa": 0.8939623647326032,
      "per_class": [
        0.9574074074074074,
        0.65,
        0.6185567010309279,
        0.872366790582404,
        0.8111964873765093,
        0.9933123524783635,
        1.0
      ]
    },
    "info": {
      "best_va_oa": 0.9961056552658314,
      "log": "/root/freqtta-hsi/logs/abl_A4_fullLN_s43.jsonl",
      "epochs_run": 30
    }
  },
  "A5_no_rec": {
    "before": {
      "OA": 0.9116,
      "AA": 0.8877999947481777,
      "kappa": 0.8701150627738016,
      "per_class": [
        0.9962962962962963,
        1.0,
        0.7525773195876289,
        0.6604708798017348,
        0.8562019758507134,
        0.9972462627852084,
        0.9518072289156626
      ]
    },
    "after": {
      "OA": 0.916,
      "AA": 0.8960987256784031,
      "kappa": 0.8764578633952238,
      "per_class": [
        0.9962962962962963,
        1.0,
        0.7628865979381443,
        0.6852540272614622,
        0.8551042810098792,
        0.9972462627852084,
        0.9759036144578314
      ]
    },
    "info": {
      "best_va_oa": 0.9972908906197088,
      "log": "/root/freqtta-hsi/logs/abl_A5_norec_s43.jsonl",
      "epochs_run": 30
    }
  },
  "A6_no_ent": {
    "before": {
      "OA": 0.9226,
      "AA": 0.8650242993004428,
      "kappa": 0.885759216205495,
      "per_class": [
        0.9722222222222222,
        0.85,
        0.5979381443298969,
        0.8463444857496902,
        0.7969264544456641,
        0.9917387883556255,
        1.0
      ]
    },
    "after": {
      "OA": 0.9222,
      "AA": 0.8601449179471076,
      "kappa": 0.885124720297889,
      "per_class": [
        0.9685185185185186,
        0.85,
        0.5670103092783505,
        0.8463444857496902,
        0.7958287596048299,
        0.9933123524783635,
        1.0
      ]
    },
    "info": {
      "best_va_oa": 0.9957670165932949,
      "log": "/root/freqtta-hsi/logs/abl_A6_noent_s43.jsonl",
      "epochs_run": 30
    }
  }
}