{
  "A1_full": {
    "before": {
      "OA": 0.9244,
      "AA": 0.8487418964955481,
      "kappa": 0.8885014165629552,
      "per_class": [
        0.9859894921190894,
        0.7307692307692307,
        0.5825242718446602,
        0.8986058301647655,
        0.75,
        0.993304450571091,
        1.0
      ]
    },
    "after": {
      "OA": 0.9246,
      "AA": 0.8453699178901014,
      "kappa": 0.888666313391393,
      "per_class": [
        0.9859894921190894,
        0.7307692307692307,
        0.5533980582524272,
        0.926489226869455,
        0.726457399103139,
        0.994486018117369,
        1.0
      ]
    },
    "info": {
      "best_va_oa": 0.9961056552658314,
      "log": "/root/freqtta-hsi/logs/abl_A1_full_s42.jsonl",
      "epochs_run": 30
    }
  },
  "A4_full_ln_tent": {
    "before": {
      "OA": 0.9116,
      "AA": 0.8554593523181008,
      "kappa": 0.8696861044878041,
      "per_class": [
        0.9807355516637478,
        0.7307692307692307,
        0.7184466019417476,
        0.8960709759188846,
        0.6692825112107623,
        0.9929105947223317,
        1.0
      ]
    },
    "after": {
      "OA": 0.912,
      "AA": 0.8588576617384234,
      "kappa": 0.8701471250780076,
      "per_class": [
        0.9807355516637478,
        0.7307692307692307,
        0.7475728155339806,
        0.8973384030418251,
        0.6603139013452914,
        0.9952737298148877,
        1.0
      ]
    },
    "info": {
      "best_va_oa": 0.9962749746020996,
      "log": "/root/freqtta-hsi/logs/abl_A4_fullLN_s42.jsonl",
      "epochs_run": 30
    }
  },
  "A5_no_rec": {
    "before": {
      "OA": 0.9264,
      "AA": 0.869986461479756,
      "kappa": 0.8916175799348327,
      "per_class": [
        0.9859894921190894,
        0.8846153846153846,
        0.5922330097087378,
        0.7782002534854245,
        0.852017937219731,
        0.9968491532099252,
        1.0
      ]
    },
    "after": {
      "OA": 0.93,
      "AA": 0.8734394823153678,
      "kappa": 0.8968319022640858,
      "per_class": [
        0.9877408056042032,
        0.8846153846153846,
        0.5922330097087378,
        0.8010139416983524,
        0.852017937219731,
        0.9964552973611658,
        1.0
      ]
    },
    "info": {
      "best_va_oa": 0.997460209955977,
      "log": "/root/freqtta-hsi/logs/abl_A5_norec_s42.jsonl",
      "epochs_run": 30
    }
  },
  "A6_no_ent": {
    "before": {
      "OA": 0.9116,
      "AA": 0.8166070614842555,
      "kappa": 0.8703011302581594,
      "per_class": [
        0.9772329246935202,
        0.6538461538461539,
        0.5242718446601942,
        0.7655259822560203,
        0.8161434977578476,
        0.9917290271760536,
        0.9875
      ]
    },
    "after": {
      "OA": 0.913,
      "AA": 0.8200791621468795,
      "kappa": 0.8722046981078363,
      "per_class": [
        0.9772329246935202,
        0.6538461538461539,
        0.5436893203883495,
        0.7782002534854245,
        0.8071748878923767,
        0.9929105947223317,
        0.9875
      ]
    },
    "info": {
      "best_va_oa": 0.997460209955977,
      "log": "/root/freqtta-hsi/logs/abl_A6_noent_s42.jsonl",
      "epochs_run": 30
    }
  }
}