{
  "tag": "cross_S2_PaviaC_noise_s2mamba_s43",
  "pair": "S2_PaviaC_noise",
  "model": "s2mamba",
  "seed": 43,
  "src_epochs_run": 30,
  "src_best_va_oa": 0.9955441533891439,
  "src_ckpt": "/root/freqtta-hsi/checkpoints/cross_S2_PaviaC_noise_s2mamba_s43_src.pt",
  "tta": {
    "source_only": {
      "OA": 0.9278,
      "AA": 0.8809077782753444,
      "kappa": 0.8998991282683697,
      "per_class": [
        0.9362370902559497,
        0.9721115537848606,
        0.6752136752136753,
        0.8202247191011236,
        0.8552631578947368,
        0.8076923076923077,
        0.896551724137931,
        0.9735714285714285,
        0.991304347826087
      ]
    },
    "tent": {
      "OA": 0.9488,
      "AA": 0.8839756503186794,
      "kappa": 0.9281533226057264,
      "per_class": [
        0.9847328244274809,
        0.9721115537848606,
        0.6666666666666666,
        0.8202247191011236,
        0.8508771929824561,
        0.8108974358974359,
        0.9042145593869731,
        0.9721428571428572,
        0.9739130434782609
      ]
    },
    "eata": {
      "OA": 0.9478,
      "AA": 0.8809973896596824,
      "kappa": 0.9267624860280501,
      "per_class": [
        0.9842837898518186,
        0.9721115537848606,
        0.6410256410256411,
        0.8202247191011236,
        0.8508771929824561,
        0.8108974358974359,
        0.9042145593869731,
        0.9714285714285714,
        0.9739130434782609
      ]
    },
    "cotta_lite": {
      "OA": 0.9488,
      "AA": 0.8839756503186794,
      "kappa": 0.9281533226057264,
      "per_class": [
        0.9847328244274809,
        0.9721115537848606,
        0.6666666666666666,
        0.8202247191011236,
        0.8508771929824561,
        0.8108974358974359,
        0.9042145593869731,
        0.9721428571428572,
        0.9739130434782609
      ]
    },
    "smtta": {
      "OA": 0.9474,
      "AA": 0.8778263972526962,
      "kappa": 0.9261282228669384,
      "per_class": [
        0.9856308935788056,
        0.9721115537848606,
        0.6666666666666666,
        0.8202247191011236,
        0.8464912280701754,
        0.8108974358974359,
        0.896551724137931,
        0.9714285714285714,
        0.9304347826086956
      ]
    },
    "phitta": {
      "OA": 0.9474,
      "AA": 0.8781727452427224,
      "kappa": 0.9261338745164507,
      "per_class": [
        0.9856308935788056,
        0.9721115537848606,
        0.6666666666666666,
        0.8202247191011236,
        0.8464912280701754,
        0.8108974358974359,
        0.9003831417624522,
        0.9707142857142858,
        0.9304347826086956
      ]
    }
  }
}