{
  "tag": "cross_S2_PaviaC_noise_spectralformer_s43",
  "pair": "S2_PaviaC_noise",
  "model": "spectralformer",
  "seed": 43,
  "src_epochs_run": 30,
  "src_best_va_oa": 0.9847421009991898,
  "src_ckpt": "/root/freqtta-hsi/checkpoints/cross_S2_PaviaC_noise_spectralformer_s43_src.pt",
  "tta": {
    "source_only": {
      "OA": 0.8052,
      "AA": 0.6470313286554742,
      "kappa": 0.7292923217685938,
      "per_class": [
        0.9321957790749887,
        0.8007968127490039,
        0.8632478632478633,
        0.0449438202247191,
        0.7368421052631579,
        0.5769230769230769,
        0.36398467432950193,
        0.8,
        0.7043478260869566
      ]
    },
    "tent": {
      "OA": 0.823,
      "AA": 0.6405437473119442,
      "kappa": 0.7510487738491055,
      "per_class": [
        0.9645262685226762,
        0.7928286852589641,
        0.8547008547008547,
        0.0449438202247191,
        0.7105263157894737,
        0.5673076923076923,
        0.36015325670498083,
        0.8264285714285714,
        0.6434782608695652
      ]
    },
    "eata": {
      "OA": 0.8236,
      "AA": 0.6431772857362714,
      "kappa": 0.752023677971313,
      "per_class": [
        0.9645262685226762,
        0.7928286852589641,
        0.8547008547008547,
        0.0449438202247191,
        0.7192982456140351,
        0.5673076923076923,
        0.367816091954023,
        0.825,
        0.6521739130434783
      ]
    },
    "cotta_lite": {
      "OA": 0.8232,
      "AA": 0.6374219757629176,
      "kappa": 0.7509305448974741,
      "per_class": [
        0.9667714414009879,
        0.7848605577689243,
        0.8547008547008547,
        0.0449438202247191,
        0.7105263157894737,
        0.5608974358974359,
        0.36015325670498083,
        0.8278571428571428,
        0.6260869565217392
      ]
    }
  }
}