{
  "tag": "cross_S1_PaviaC2U_famssm_s43",
  "pair": "S1_PaviaC2U",
  "model": "famssm",
  "seed": 43,
  "src_epochs_run": 30,
  "src_best_va_oa": 0.9948690251147718,
  "src_ckpt": "/root/freqtta-hsi/checkpoints/cross_S1_PaviaC2U_famssm_s43_src.pt",
  "tta": {
    "source_only": {
      "OA": 0.1398,
      "AA": 0.17950336988343077,
      "kappa": 0.017193110836761116,
      "per_class": [
        0.0,
        0.22946175637393768,
        0.0,
        0.0,
        0.03225806451612903,
        0.01206896551724138,
        0.32857142857142857,
        0.1262135922330097,
        0.8869565217391304
      ]
    },
    "tent": {
      "OA": 0.1392,
      "AA": 0.17712241750247837,
      "kappa": 0.016500174740315177,
      "per_class": [
        0.0,
        0.22946175637393768,
        0.0,
        0.0,
        0.03225806451612903,
        0.01206896551724138,
        0.30714285714285716,
        0.1262135922330097,
        0.8869565217391304
      ]
    },
    "eata": {
      "OA": 0.1392,
      "AA": 0.17712241750247837,
      "kappa": 0.016479858014791127,
      "per_class": [
        0.0,
        0.22946175637393768,
        0.0,
        0.0,
        0.03225806451612903,
        0.01206896551724138,
        0.30714285714285716,
        0.1262135922330097,
        0.8869565217391304
      ]
    },
    "cotta_lite": {
      "OA": 0.1392,
      "AA": 0.17712241750247837,
      "kappa": 0.016499635369068066,
      "per_class": [
        0.0,
        0.22946175637393768,
        0.0,
        0.0,
        0.03225806451612903,
        0.01206896551724138,
        0.30714285714285716,
        0.1262135922330097,
        0.8869565217391304
      ]
    },
    "smtta": {
      "OA": 0.1396,
      "AA": 0.17870971908977998,
      "kappa": 0.017004092617316946,
      "per_class": [
        0.0,
        0.22946175637393768,
        0.0,
        0.0,
        0.03225806451612903,
        0.01206896551724138,
        0.32142857142857145,
        0.1262135922330097,
        0.8869565217391304
      ]
    },
    "phitta": {
      "OA": 0.139,
      "AA": 0.17343256765167445,
      "kappa": 0.015148052415810742,
      "per_class": [
        0.0,
        0.232766761095373,
        0.0,
        0.0,
        0.026881720430107527,
        0.01206896551724138,
        0.2857142857142857,
        0.11650485436893204,
        0.8869565217391304
      ]
    }
  }
}