{
  "tag": "cross_S1_PaviaC2U_spectralformer_s43",
  "pair": "S1_PaviaC2U",
  "model": "spectralformer",
  "seed": 43,
  "src_epochs_run": 30,
  "src_best_va_oa": 0.9847421009991898,
  "src_ckpt": "/root/freqtta-hsi/checkpoints/cross_S1_PaviaC2U_spectralformer_s43_src.pt",
  "tta": {
    "source_only": {
      "OA": 0.1318,
      "AA": 0.17780241645738984,
      "kappa": 0.01206824298487652,
      "per_class": [
        0.11543134872417983,
        0.11898016997167139,
        0.0,
        0.0,
        0.0,
        0.2637931034482759,
        0.7428571428571429,
        0.04611650485436893,
        0.3130434782608696
      ]
    },
    "tent": {
      "OA": 0.1318,
      "AA": 0.17771986942438517,
      "kappa": 0.012031053859942964,
      "per_class": [
        0.11421628189550426,
        0.119452313503305,
        0.0,
        0.0,
        0.0,
        0.2637931034482759,
        0.7428571428571429,
        0.04611650485436893,
        0.3130434782608696
      ]
    },
    "eata": {
      "OA": 0.1318,
      "AA": 0.17771986942438517,
      "kappa": 0.012031053859942964,
      "per_class": [
        0.11421628189550426,
        0.119452313503305,
        0.0,
        0.0,
        0.0,
        0.2637931034482759,
        0.7428571428571429,
        0.04611650485436893,
        0.3130434782608696
      ]
    },
    "cotta_lite": {
      "OA": 0.1318,
      "AA": 0.17771986942438517,
      "kappa": 0.012031053859942964,
      "per_class": [
        0.11421628189550426,
        0.119452313503305,
        0.0,
        0.0,
        0.0,
        0.2637931034482759,
        0.7428571428571429,
        0.04611650485436893,
        0.3130434782608696
      ]
    }
  }
}