{
  "tag": "cross_S1_PaviaC2U_s2mamba_s43",
  "pair": "S1_PaviaC2U",
  "model": "s2mamba",
  "seed": 43,
  "src_epochs_run": 30,
  "src_best_va_oa": 0.9955441533891439,
  "src_ckpt": "/root/freqtta-hsi/checkpoints/cross_S1_PaviaC2U_s2mamba_s43_src.pt",
  "tta": {
    "source_only": {
      "OA": 0.1556,
      "AA": 0.1509451632501603,
      "kappa": 0.02185135875318156,
      "per_class": [
        0.0,
        0.2813975448536355,
        0.0,
        0.0,
        0.005376344086021506,
        0.0017241379310344827,
        0.0,
        0.19174757281553398,
        0.8782608695652174
      ]
    },
    "tent": {
      "OA": 0.1568,
      "AA": 0.15125992560458273,
      "kappa": 0.02275574442763295,
      "per_class": [
        0.0,
        0.2842304060434372,
        0.0,
        0.0,
        0.005376344086021506,
        0.0017241379310344827,
        0.0,
        0.19174757281553398,
        0.8782608695652174
      ]
    },
    "eata": {
      "OA": 0.1568,
      "AA": 0.15125992560458273,
      "kappa": 0.02275574442763295,
      "per_class": [
        0.0,
        0.2842304060434372,
        0.0,
        0.0,
        0.005376344086021506,
        0.0017241379310344827,
        0.0,
        0.19174757281553398,
        0.8782608695652174
      ]
    },
    "cotta_lite": {
      "OA": 0.1568,
      "AA": 0.15125992560458273,
      "kappa": 0.02275574442763295,
      "per_class": [
        0.0,
        0.2842304060434372,
        0.0,
        0.0,
        0.005376344086021506,
        0.0017241379310344827,
        0.0,
        0.19174757281553398,
        0.8782608695652174
      ]
    },
    "smtta": {
      "OA": 0.157,
      "AA": 0.15131238599698646,
      "kappa": 0.022903286063179262,
      "per_class": [
        0.0,
        0.2847025495750708,
        0.0,
        0.0,
        0.005376344086021506,
        0.0017241379310344827,
        0.0,
        0.19174757281553398,
        0.8782608695652174
      ]
    },
    "phitta": {
      "OA": 0.157,
      "AA": 0.15131238599698646,
      "kappa": 0.022903286063179262,
      "per_class": [
        0.0,
        0.2847025495750708,
        0.0,
        0.0,
        0.005376344086021506,
        0.0017241379310344827,
        0.0,
        0.19174757281553398,
        0.8782608695652174
      ]
    }
  }
}