{
  "tag": "cross_S1_PaviaC2U_spectralformer_s44",
  "pair": "S1_PaviaC2U",
  "model": "spectralformer",
  "seed": 44,
  "src_epochs_run": 30,
  "src_best_va_oa": 0.9902781528490413,
  "src_ckpt": "/root/freqtta-hsi/checkpoints/cross_S1_PaviaC2U_spectralformer_s44_src.pt",
  "tta": {
    "source_only": {
      "OA": 0.1624,
      "AA": 0.20206535438466305,
      "kappa": 0.015440516315405994,
      "per_class": [
        0.03286978508217446,
        0.20446096654275092,
        0.0,
        0.0,
        0.0,
        0.23267326732673269,
        0.7891156462585034,
        0.0857843137254902,
        0.47368421052631576
      ]
    },
    "tent": {
      "OA": 0.162,
      "AA": 0.20390456274673938,
      "kappa": 0.01651337419755483,
      "per_class": [
        0.0316055625790139,
        0.20306691449814127,
        0.0,
        0.0,
        0.0,
        0.22112211221122113,
        0.8027210884353742,
        0.10294117647058823,
        0.47368421052631576
      ]
    },
    "eata": {
      "OA": 0.1624,
      "AA": 0.2040078258611549,
      "kappa": 0.01675124374628645,
      "per_class": [
        0.0316055625790139,
        0.20399628252788105,
        0.0,
        0.0,
        0.0,
        0.22112211221122113,
        0.8027210884353742,
        0.10294117647058823,
        0.47368421052631576
      ]
    },
    "cotta_lite": {
      "OA": 0.1606,
      "AA": 0.20310524088729925,
      "kappa": 0.015208632638421427,
      "per_class": [
        0.0316055625790139,
        0.2016728624535316,
        0.0,
        0.0,
        0.0,
        0.21287128712871287,
        0.8027210884353742,
        0.1053921568627451,
        0.47368421052631576
      ]
    }
  }
}