{
  "tag": "cross_S1_PaviaC2U_famssm_s42",
  "pair": "S1_PaviaC2U",
  "model": "famssm",
  "seed": 42,
  "src_epochs_run": 58,
  "src_best_va_oa": 0.9944639481501485,
  "src_ckpt": "/root/freqtta-hsi/checkpoints/cross_S1_PaviaC2U_famssm_s42_src.pt",
  "tta": {
    "source_only": {
      "OA": 0.1874,
      "AA": 0.18732450005557888,
      "kappa": 0.04285593132497201,
      "per_class": [
        0.0,
        0.3472998137802607,
        0.0,
        0.0,
        0.075,
        0.0,
        0.46987951807228917,
        0.048458149779735685,
        0.7452830188679245
      ]
    },
    "tent": {
      "OA": 0.1878,
      "AA": 0.18742795546629687,
      "kappa": 0.04309922559134871,
      "per_class": [
        0.0,
        0.34823091247672255,
        0.0,
        0.0,
        0.075,
        0.0,
        0.46987951807228917,
        0.048458149779735685,
        0.7452830188679245
      ]
    },
    "eata": {
      "OA": 0.188,
      "AA": 0.18747968317165586,
      "kappa": 0.043262987869894354,
      "per_class": [
        0.0,
        0.34869646182495345,
        0.0,
        0.0,
        0.075,
        0.0,
        0.46987951807228917,
        0.048458149779735685,
        0.7452830188679245
      ]
    },
    "cotta_lite": {
      "OA": 0.188,
      "AA": 0.18747968317165586,
      "kappa": 0.04324477079066824,
      "per_class": [
        0.0,
        0.34869646182495345,
        0.0,
        0.0,
        0.075,
        0.0,
        0.46987951807228917,
        0.048458149779735685,
        0.7452830188679245
      ]
    },
    "smtta": {
      "OA": 0.1882,
      "AA": 0.18772442130185654,
      "kappa": 0.04349151471637458,
      "per_class": [
        0.0,
        0.34869646182495345,
        0.0,
        0.0,
        0.075,
        0.0,
        0.46987951807228917,
        0.05066079295154185,
        0.7452830188679245
      ]
    },
    "phitta": {
      "OA": 0.1908,
      "AA": 0.18536819891272704,
      "kappa": 0.04411085819188476,
      "per_class": [
        0.0,
        0.35661080074487894,
        0.0,
        0.0,
        0.05625,
        0.0016778523489932886,
        0.4578313253012048,
        0.05066079295154185,
        0.7452830188679245
      ]
    }
  }
}