{
  "tag": "cross_S2_PaviaC_noise_famssm_s43",
  "pair": "S2_PaviaC_noise",
  "model": "famssm",
  "seed": 43,
  "src_epochs_run": 30,
  "src_best_va_oa": 0.9941938968403997,
  "src_ckpt": "/root/freqtta-hsi/checkpoints/cross_S2_PaviaC_noise_famssm_s43_src.pt",
  "tta": {
    "source_only": {
      "OA": 0.9188,
      "AA": 0.8952180668587355,
      "kappa": 0.8881979066682734,
      "per_class": [
        0.917377638078132,
        0.896414342629482,
        0.8376068376068376,
        0.8876404494382022,
        0.8421052631578947,
        0.9358974358974359,
        0.7777777777777778,
        0.9621428571428572,
        1.0
      ]
    },
    "tent": {
      "OA": 0.9198,
      "AA": 0.8958728231993791,
      "kappa": 0.8895330072619514,
      "per_class": [
        0.918724741805119,
        0.896414342629482,
        0.8376068376068376,
        0.8876404494382022,
        0.8421052631578947,
        0.9358974358974359,
        0.7816091954022989,
        0.9628571428571429,
        1.0
      ]
    },
    "eata": {
      "OA": 0.9198,
      "AA": 0.8958728231993791,
      "kappa": 0.8895330072619514,
      "per_class": [
        0.918724741805119,
        0.896414342629482,
        0.8376068376068376,
        0.8876404494382022,
        0.8421052631578947,
        0.9358974358974359,
        0.7816091954022989,
        0.9628571428571429,
        1.0
      ]
    },
    "cotta_lite": {
      "OA": 0.9198,
      "AA": 0.8958728231993791,
      "kappa": 0.8895330072619514,
      "per_class": [
        0.918724741805119,
        0.896414342629482,
        0.8376068376068376,
        0.8876404494382022,
        0.8421052631578947,
        0.9358974358974359,
        0.7816091954022989,
        0.9628571428571429,
        1.0
      ]
    },
    "smtta": {
      "OA": 0.9202,
      "AA": 0.8960315533581095,
      "kappa": 0.8900697679518824,
      "per_class": [
        0.918724741805119,
        0.896414342629482,
        0.8376068376068376,
        0.8876404494382022,
        0.8421052631578947,
        0.9358974358974359,
        0.7816091954022989,
        0.9642857142857143,
        1.0
      ]
    },
    "phitta": {
      "OA": 0.9234,
      "AA": 0.8956452797992998,
      "kappa": 0.8943165248227029,
      "per_class": [
        0.9209699146834306,
        0.896414342629482,
        0.8376068376068376,
        0.8764044943820225,
        0.8464912280701754,
        0.9294871794871795,
        0.789272030651341,
        0.9728571428571429,
        0.991304347826087
      ]
    }
  }
}