{
  "tag": "cross_S2_PaviaC_noise_famssm_s44",
  "pair": "S2_PaviaC_noise",
  "model": "famssm",
  "seed": 44,
  "src_epochs_run": 30,
  "src_best_va_oa": 0.9950040507696463,
  "src_ckpt": "/root/freqtta-hsi/checkpoints/cross_S2_PaviaC_noise_famssm_s44_src.pt",
  "tta": {
    "source_only": {
      "OA": 0.85,
      "AA": 0.8291247802553001,
      "kappa": 0.7966571079239959,
      "per_class": [
        0.7919310970081596,
        0.9585253456221198,
        0.71875,
        0.8202247191011236,
        0.592436974789916,
        0.6718266253869969,
        0.9186046511627907,
        0.9898236092265943,
        1.0
      ]
    },
    "tent": {
      "OA": 0.9068,
      "AA": 0.8422110889382886,
      "kappa": 0.8695993493175429,
      "per_class": [
        0.9229374433363554,
        0.9631336405529954,
        0.71875,
        0.8202247191011236,
        0.5798319327731093,
        0.6718266253869969,
        0.9147286821705426,
        0.9884667571234735,
        1.0
      ]
    },
    "eata": {
      "OA": 0.906,
      "AA": 0.8415931324779771,
      "kappa": 0.8685158007639512,
      "per_class": [
        0.9215775158658205,
        0.9631336405529954,
        0.71875,
        0.8202247191011236,
        0.5756302521008403,
        0.6718266253869969,
        0.9147286821705426,
        0.9884667571234735,
        1.0
      ]
    },
    "cotta_lite": {
      "OA": 0.9076,
      "AA": 0.8415795882267921,
      "kappa": 0.8706124673681562,
      "per_class": [
        0.9256572982774252,
        0.9631336405529954,
        0.71875,
        0.8202247191011236,
        0.5714285714285714,
        0.6718266253869969,
        0.9147286821705426,
        0.9884667571234735,
        1.0
      ]
    },
    "smtta": {
      "OA": 0.9062,
      "AA": 0.8415398314430029,
      "kappa": 0.8687132691079019,
      "per_class": [
        0.9233907524932004,
        0.9631336405529954,
        0.7291666666666666,
        0.8202247191011236,
        0.5714285714285714,
        0.6594427244582043,
        0.9186046511627907,
        0.9884667571234735,
        1.0
      ]
    },
    "phitta": {
      "OA": 0.9278,
      "AA": 0.7988535415830106,
      "kappa": 0.8967316334349444,
      "per_class": [
        0.9941069809610155,
        0.9585253456221198,
        0.4479166666666667,
        0.8202247191011236,
        0.47058823529411764,
        0.6811145510835913,
        0.9263565891472868,
        0.9918588873812755,
        0.898989898989899
      ]
    }
  }
}