{
  "tag": "cross_S1_PaviaC2U_s2mamba_s44",
  "pair": "S1_PaviaC2U",
  "model": "s2mamba",
  "seed": 44,
  "src_epochs_run": 30,
  "src_best_va_oa": 0.992708614636781,
  "src_ckpt": "/root/freqtta-hsi/checkpoints/cross_S1_PaviaC2U_s2mamba_s44_src.pt",
  "tta": {
    "source_only": {
      "OA": 0.1232,
      "AA": 0.1752825890258779,
      "kappa": 0.005036277593789218,
      "per_class": [
        0.0025284450063211127,
        0.19656133828996283,
        0.0,
        0.0,
        0.0,
        0.0016501650165016502,
        0.564625850340136,
        0.049019607843137254,
        0.7631578947368421
      ]
    },
    "tent": {
      "OA": 0.1178,
      "AA": 0.1716843667677366,
      "kappa": 0.0014355693675839332,
      "per_class": [
        0.0025284450063211127,
        0.18726765799256506,
        0.0,
        0.0,
        0.0,
        0.0,
        0.54421768707483,
        0.0392156862745098,
        0.7719298245614035
      ]
    },
    "eata": {
      "OA": 0.1168,
      "AA": 0.17142620898169778,
      "kappa": 0.0008297909476174814,
      "per_class": [
        0.0025284450063211127,
        0.18494423791821563,
        0.0,
        0.0,
        0.0,
        0.0,
        0.54421768707483,
        0.0392156862745098,
        0.7719298245614035
      ]
    },
    "cotta_lite": {
      "OA": 0.1178,
      "AA": 0.1716843667677366,
      "kappa": 0.0014355693675839332,
      "per_class": [
        0.0025284450063211127,
        0.18726765799256506,
        0.0,
        0.0,
        0.0,
        0.0,
        0.54421768707483,
        0.0392156862745098,
        0.7719298245614035
      ]
    },
    "smtta": {
      "OA": 0.122,
      "AA": 0.1700403895308487,
      "kappa": 0.0034416901701578295,
      "per_class": [
        0.0025284450063211127,
        0.19842007434944237,
        0.0,
        0.0,
        0.006802721088435374,
        0.0033003300330033004,
        0.5306122448979592,
        0.03431372549019608,
        0.7543859649122807
      ]
    },
    "phitta": {
      "OA": 0.121,
      "AA": 0.16978223174480986,
      "kappa": 0.002754847190049148,
      "per_class": [
        0.0025284450063211127,
        0.19609665427509293,
        0.0,
        0.0,
        0.006802721088435374,
        0.0033003300330033004,
        0.5306122448979592,
        0.03431372549019608,
        0.7543859649122807
      ]
    }
  }
}