{
  "tag": "cross_D1_PaviaU_noise_famssm_s42",
  "pair": "D1_PaviaU_noise",
  "model": "famssm",
  "seed": 42,
  "src_epochs_run": 20,
  "src_best_va_oa": 0.9242990654205607,
  "src_ckpt": "/root/freqtta-hsi/checkpoints/cross_D1_PaviaU_noise_famssm_s42_src.pt",
  "tta": {
    "source_only": {
      "OA": 0.9374,
      "AA": 0.9053176518684363,
      "kappa": 0.9167592996483839,
      "per_class": [
        0.9373333333333334,
        0.9821264894592118,
        0.5791666666666667,
        0.9614325068870524,
        0.9874213836477987,
        0.8877721943048577,
        0.8639455782312925,
        0.9486607142857143,
        1.0
      ]
    },
    "tent": {
      "OA": 0.9334,
      "AA": 0.8957225527227257,
      "kappa": 0.9111077274506332,
      "per_class": [
        0.94,
        0.9885426214482127,
        0.5375,
        0.9586776859504132,
        0.9874213836477987,
        0.8458961474036851,
        0.8503401360544217,
        0.953125,
        1.0
      ]
    },
    "eata": {
      "OA": 0.9334,
      "AA": 0.8960058589575356,
      "kappa": 0.9110645477488033,
      "per_class": [
        0.94,
        0.9894592117323556,
        0.5458333333333333,
        0.9586776859504132,
        0.9874213836477987,
        0.8391959798994975,
        0.8503401360544217,
        0.953125,
        1.0
      ]
    },
    "cotta_lite": {
      "OA": 0.9332,
      "AA": 0.8952660487956149,
      "kappa": 0.9108030439342545,
      "per_class": [
        0.94,
        0.9894592117323556,
        0.5375,
        0.9586776859504132,
        0.9874213836477987,
        0.8408710217755444,
        0.8503401360544217,
        0.953125,
        1.0
      ]
    },
    "smtta": {
      "OA": 0.9334,
      "AA": 0.8962827061564932,
      "kappa": 0.9110580058852357,
      "per_class": [
        0.94,
        0.9894592117323556,
        0.55,
        0.9586776859504132,
        0.9874213836477987,
        0.8375209380234506,
        0.8503401360544217,
        0.953125,
        1.0
      ]
    },
    "phitta": {
      "OA": 0.8832,
      "AA": 0.8107793317986912,
      "kappa": 0.8404973075453896,
      "per_class": [
        0.9626666666666667,
        0.998166819431714,
        0.3458333333333333,
        0.931129476584022,
        0.9811320754716981,
        0.5058626465661642,
        0.6122448979591837,
        0.96875,
        0.9912280701754386
      ]
    }
  }
}