{
  "tag": "cross_S2_PaviaC_noise_spectralformer_s44",
  "pair": "S2_PaviaC_noise",
  "model": "spectralformer",
  "seed": 44,
  "src_epochs_run": 30,
  "src_best_va_oa": 0.9902781528490413,
  "src_ckpt": "/root/freqtta-hsi/checkpoints/cross_S2_PaviaC_noise_spectralformer_s44_src.pt",
  "tta": {
    "source_only": {
      "OA": 0.7526,
      "AA": 0.5779063731690998,
      "kappa": 0.6565156536951391,
      "per_class": [
        0.8499546690843155,
        0.783410138248848,
        0.7916666666666666,
        0.12359550561797752,
        0.46638655462184875,
        0.2755417956656347,
        0.2596899224806202,
        0.8731343283582089,
        0.7777777777777778
      ]
    },
    "tent": {
      "OA": 0.7864,
      "AA": 0.5708556268179094,
      "kappa": 0.696831807225906,
      "per_class": [
        0.9392565729827742,
        0.7649769585253456,
        0.7916666666666666,
        0.10112359550561797,
        0.46638655462184875,
        0.30030959752321984,
        0.2558139534883721,
        0.8616010854816825,
        0.6565656565656566
      ]
    },
    "eata": {
      "OA": 0.7868,
      "AA": 0.5731141315191793,
      "kappa": 0.6974526993122583,
      "per_class": [
        0.9383499546690843,
        0.7649769585253456,
        0.7916666666666666,
        0.10112359550561797,
        0.46218487394957986,
        0.30030959752321984,
        0.2596899224806202,
        0.8629579375848032,
        0.6767676767676768
      ]
    },
    "cotta_lite": {
      "OA": 0.7886,
      "AA": 0.5676432311873775,
      "kappa": 0.6990638008657624,
      "per_class": [
        0.9483227561196736,
        0.7603686635944701,
        0.7916666666666666,
        0.10112359550561797,
        0.47058823529411764,
        0.30030959752321984,
        0.25193798449612403,
        0.8582089552238806,
        0.6262626262626263
      ]
    }
  }
}