{
  "tag": "cross_S2_PaviaC_noise_s2mamba_s44",
  "pair": "S2_PaviaC_noise",
  "model": "s2mamba",
  "seed": 44,
  "src_epochs_run": 30,
  "src_best_va_oa": 0.992708614636781,
  "src_ckpt": "/root/freqtta-hsi/checkpoints/cross_S2_PaviaC_noise_s2mamba_s44_src.pt",
  "tta": {
    "source_only": {
      "OA": 0.916,
      "AA": 0.8493219656754452,
      "kappa": 0.881939398368796,
      "per_class": [
        0.9478694469628286,
        0.9216589861751152,
        0.8854166666666666,
        0.7303370786516854,
        0.6470588235294118,
        0.6687306501547987,
        0.8604651162790697,
        0.9823609226594301,
        1.0
      ]
    },
    "tent": {
      "OA": 0.9246,
      "AA": 0.8517450361296538,
      "kappa": 0.8935123365534412,
      "per_class": [
        0.9678150498640072,
        0.9262672811059908,
        0.8854166666666666,
        0.7303370786516854,
        0.6512605042016807,
        0.6501547987616099,
        0.872093023255814,
        0.9823609226594301,
        1.0
      ]
    },
    "eata": {
      "OA": 0.9244,
      "AA": 0.8524762544882167,
      "kappa": 0.8932491315619165,
      "per_class": [
        0.9673617407071623,
        0.9262672811059908,
        0.8854166666666666,
        0.7415730337078652,
        0.6470588235294118,
        0.6501547987616099,
        0.872093023255814,
        0.9823609226594301,
        1.0
      ]
    },
    "cotta_lite": {
      "OA": 0.9246,
      "AA": 0.8517450361296538,
      "kappa": 0.8935123365534412,
      "per_class": [
        0.9678150498640072,
        0.9262672811059908,
        0.8854166666666666,
        0.7303370786516854,
        0.6512605042016807,
        0.6501547987616099,
        0.872093023255814,
        0.9823609226594301,
        1.0
      ]
    },
    "smtta": {
      "OA": 0.9282,
      "AA": 0.8519771695072751,
      "kappa": 0.8983634016291638,
      "per_class": [
        0.9768812330009066,
        0.9354838709677419,
        0.875,
        0.7415730337078652,
        0.6428571428571429,
        0.6408668730650154,
        0.872093023255814,
        0.9830393487109905,
        1.0
      ]
    },
    "phitta": {
      "OA": 0.928,
      "AA": 0.8519017888348795,
      "kappa": 0.8980873082633019,
      "per_class": [
        0.9768812330009066,
        0.9354838709677419,
        0.875,
        0.7415730337078652,
        0.6428571428571429,
        0.6408668730650154,
        0.872093023255814,
        0.9823609226594301,
        1.0
      ]
    }
  }
}