{
  "tag": "cross_S1_PaviaC2U_s2mamba_s42",
  "pair": "S1_PaviaC2U",
  "model": "s2mamba",
  "seed": 42,
  "src_epochs_run": 40,
  "src_best_va_oa": 0.9941938968403997,
  "src_ckpt": "/root/freqtta-hsi/checkpoints/cross_S1_PaviaC2U_s2mamba_s42_src.pt",
  "tta": {
    "source_only": {
      "OA": 0.1476,
      "AA": 0.1301564697985241,
      "kappa": 0.0055870979242388374,
      "per_class": [
        0.007832898172323759,
        0.28305400372439476,
        0.0,
        0.0,
        0.03125,
        0.003355704697986577,
        0.07228915662650602,
        0.06607929515418502,
        0.7075471698113207
      ]
    },
    "tent": {
      "OA": 0.1474,
      "AA": 0.1301047420931651,
      "kappa": 0.005348021797507818,
      "per_class": [
        0.007832898172323759,
        0.28258845437616387,
        0.0,
        0.0,
        0.03125,
        0.003355704697986577,
        0.07228915662650602,
        0.06607929515418502,
        0.7075471698113207
      ]
    },
    "eata": {
      "OA": 0.1476,
      "AA": 0.1301564697985241,
      "kappa": 0.005516095612323801,
      "per_class": [
        0.007832898172323759,
        0.28305400372439476,
        0.0,
        0.0,
        0.03125,
        0.003355704697986577,
        0.07228915662650602,
        0.06607929515418502,
        0.7075471698113207
      ]
    },
    "cotta_lite": {
      "OA": 0.1474,
      "AA": 0.1301047420931651,
      "kappa": 0.005348021797507818,
      "per_class": [
        0.007832898172323759,
        0.28258845437616387,
        0.0,
        0.0,
        0.03125,
        0.003355704697986577,
        0.07228915662650602,
        0.06607929515418502,
        0.7075471698113207
      ]
    },
    "smtta": {
      "OA": 0.1472,
      "AA": 0.13005301438780612,
      "kappa": 0.0052383625252947486,
      "per_class": [
        0.007832898172323759,
        0.28212290502793297,
        0.0,
        0.0,
        0.03125,
        0.003355704697986577,
        0.07228915662650602,
        0.06607929515418502,
        0.7075471698113207
      ]
    },
    "phitta": {
      "OA": 0.1472,
      "AA": 0.13005301438780612,
      "kappa": 0.005246902664529096,
      "per_class": [
        0.007832898172323759,
        0.28212290502793297,
        0.0,
        0.0,
        0.03125,
        0.003355704697986577,
        0.07228915662650602,
        0.06607929515418502,
        0.7075471698113207
      ]
    }
  }
}