{
  "tag": "cross_S1_PaviaC2U_famssm_s44",
  "pair": "S1_PaviaC2U",
  "model": "famssm",
  "seed": 44,
  "src_epochs_run": 30,
  "src_best_va_oa": 0.9941938968403997,
  "src_ckpt": "/root/freqtta-hsi/checkpoints/cross_S1_PaviaC2U_famssm_s44_src.pt",
  "tta": {
    "source_only": {
      "OA": 0.1706,
      "AA": 0.15449799563730793,
      "kappa": 0.019508494527287534,
      "per_class": [
        0.0,
        0.3145910780669145,
        0.0,
        0.0,
        0.0,
        0.0,
        0.19727891156462585,
        0.15931372549019607,
        0.7192982456140351
      ]
    },
    "tent": {
      "OA": 0.1714,
      "AA": 0.15056531754204758,
      "kappa": 0.019385352727301686,
      "per_class": [
        0.0,
        0.32063197026022305,
        0.0,
        0.0,
        0.0,
        0.0,
        0.17687074829931973,
        0.14705882352941177,
        0.7105263157894737
      ]
    },
    "eata": {
      "OA": 0.1722,
      "AA": 0.15077184377087863,
      "kappa": 0.019856954528135407,
      "per_class": [
        0.0,
        0.3224907063197026,
        0.0,
        0.0,
        0.0,
        0.0,
        0.17687074829931973,
        0.14705882352941177,
        0.7105263157894737
      ]
    },
    "cotta_lite": {
      "OA": 0.1714,
      "AA": 0.15056531754204758,
      "kappa": 0.019365112878342194,
      "per_class": [
        0.0,
        0.32063197026022305,
        0.0,
        0.0,
        0.0,
        0.0,
        0.17687074829931973,
        0.14705882352941177,
        0.7105263157894737
      ]
    },
    "smtta": {
      "OA": 0.1688,
      "AA": 0.15218345974447084,
      "kappa": 0.01755280440923057,
      "per_class": [
        0.0,
        0.31226765799256506,
        0.0,
        0.0,
        0.006802721088435374,
        0.0,
        0.17687074829931973,
        0.15441176470588236,
        0.7192982456140351
      ]
    },
    "phitta": {
      "OA": 0.1666,
      "AA": 0.14571071151128334,
      "kappa": 0.0132130932579696,
      "per_class": [
        0.0,
        0.3150557620817844,
        0.0,
        0.0,
        0.013605442176870748,
        0.0,
        0.14965986394557823,
        0.12254901960784313,
        0.7105263157894737
      ]
    }
  }
}