{
  "tag": "cross_S1_PaviaC2U_spectralformer_s42",
  "pair": "S1_PaviaC2U",
  "model": "spectralformer",
  "seed": 42,
  "src_epochs_run": 60,
  "src_best_va_oa": 0.9882527680259249,
  "src_ckpt": "/root/freqtta-hsi/checkpoints/cross_S1_PaviaC2U_spectralformer_s42_src.pt",
  "tta": {
    "source_only": {
      "OA": 0.1968,
      "AA": 0.2273069772226052,
      "kappa": 0.05726566478921069,
      "per_class": [
        0.07441253263707572,
        0.2737430167597765,
        0.0,
        0.0,
        0.0,
        0.18959731543624161,
        0.7831325301204819,
        0.05506607929515418,
        0.6698113207547169
      ]
    },
    "tent": {
      "OA": 0.197,
      "AA": 0.22735870492796423,
      "kappa": 0.05737056394830964,
      "per_class": [
        0.07441253263707572,
        0.2742085661080074,
        0.0,
        0.0,
        0.0,
        0.18959731543624161,
        0.7831325301204819,
        0.05506607929515418,
        0.6698113207547169
      ]
    },
    "eata": {
      "OA": 0.197,
      "AA": 0.22735870492796423,
      "kappa": 0.05737056394830964,
      "per_class": [
        0.07441253263707572,
        0.2742085661080074,
        0.0,
        0.0,
        0.0,
        0.18959731543624161,
        0.7831325301204819,
        0.05506607929515418,
        0.6698113207547169
      ]
    },
    "cotta_lite": {
      "OA": 0.197,
      "AA": 0.22735870492796423,
      "kappa": 0.05735153110528646,
      "per_class": [
        0.07441253263707572,
        0.2742085661080074,
        0.0,
        0.0,
        0.0,
        0.18959731543624161,
        0.7831325301204819,
        0.05506607929515418,
        0.6698113207547169
      ]
    }
  }
}