{
  "OA": 0.7119677451076802,
  "AA": 0.8040248190458752,
  "kappa": 0.675949361717637,
  "dataset": "IndianPines",
  "seed": 43,
  "mode": "few_shot",
  "k_per_class": 5,
  "n_query": 10169
}