{
  "OA": 0.9608880063757075,
  "AA": 0.9246302950158716,
  "kappa": 0.9448333398393496,
  "dataset": "PaviaC",
  "seed": 44,
  "mode": "few_shot",
  "k_per_class": 10,
  "n_query": 148062
}