{
  "OA": 0.9701341329983385,
  "AA": 0.9325013890519147,
  "kappa": 0.9577662831569259,
  "dataset": "PaviaC",
  "seed": 42,
  "mode": "few_shot",
  "k_per_class": 10,
  "n_query": 148062
}