{
  "OA": 0.7397741648315607,
  "AA": 0.7898966739033612,
  "kappa": 0.6620595804822511,
  "dataset": "PaviaU",
  "seed": 44,
  "mode": "few_shot",
  "k_per_class": 10,
  "n_query": 42686
}