{
  "OA": 0.9485497121024956,
  "AA": 0.8950245861880288,
  "kappa": 0.9274099075543092,
  "dataset": "PaviaC",
  "seed": 44,
  "mode": "few_shot",
  "k_per_class": 1,
  "n_query": 148143
}