{
  "OA": 0.6559964458577875,
  "AA": 0.7334243798979201,
  "kappa": 0.5613247721961858,
  "dataset": "PaviaU",
  "seed": 44,
  "mode": "few_shot",
  "k_per_class": 1,
  "n_query": 42767
}