{
  "OA": 0.9564506760681336,
  "AA": 0.9086111397866407,
  "kappa": 0.9386387702554745,
  "dataset": "PaviaC",
  "seed": 43,
  "mode": "few_shot",
  "k_per_class": 10,
  "n_query": 148062
}