{
  "OA": 0.6301587672738326,
  "AA": 0.6730732829824723,
  "kappa": 0.5216617507339179,
  "dataset": "PaviaU",
  "seed": 43,
  "mode": "few_shot",
  "k_per_class": 1,
  "n_query": 42767
}