{
  "OA": 0.950893610700372,
  "AA": 0.8992307015464908,
  "kappa": 0.9308837618657481,
  "dataset": "PaviaC",
  "seed": 43,
  "mode": "few_shot",
  "k_per_class": 5,
  "n_query": 148107
}