{
  "OA": 0.9562748553410709,
  "AA": 0.919940853765185,
  "kappa": 0.938389634488086,
  "dataset": "PaviaC",
  "seed": 44,
  "mode": "few_shot",
  "k_per_class": 5,
  "n_query": 148107
}