{
  "OA": 0.7593784372001592,
  "AA": 0.81244587973926,
  "kappa": 0.6841897055207247,
  "dataset": "PaviaU",
  "seed": 42,
  "mode": "few_shot",
  "k_per_class": 5,
  "n_query": 42731
}