{
  "OA": 0.7789204891533524,
  "AA": 0.8329780537737563,
  "kappa": 0.7122607955136009,
  "dataset": "PaviaU",
  "seed": 42,
  "mode": "few_shot",
  "k_per_class": 10,
  "n_query": 42686
}