{
  "OA": 0.7641992932531417,
  "AA": 0.7933226380427003,
  "kappa": 0.6883770140911125,
  "dataset": "PaviaU",
  "seed": 43,
  "mode": "few_shot",
  "k_per_class": 5,
  "n_query": 42731
}