{
  "OA": 0.940429179914002,
  "AA": 0.8831110828404772,
  "kappa": 0.9163315499303682,
  "dataset": "PaviaC",
  "seed": 43,
  "mode": "few_shot",
  "k_per_class": 1,
  "n_query": 148143
}