{
  "OA": 0.6582411672551266,
  "AA": 0.7840691712523156,
  "kappa": 0.5783092525299915,
  "dataset": "PaviaU",
  "seed": 42,
  "mode": "few_shot",
  "k_per_class": 1,
  "n_query": 42767
}