{
  "OA": 0.7452435000351033,
  "AA": 0.7912200971959322,
  "kappa": 0.6689677461003547,
  "dataset": "PaviaU",
  "seed": 44,
  "mode": "few_shot",
  "k_per_class": 5,
  "n_query": 42731
}