{
  "OA": 0.9646355210843577,
  "AA": 0.9207332837438601,
  "kappa": 0.9500083594067639,
  "dataset": "PaviaC",
  "seed": 42,
  "mode": "few_shot",
  "k_per_class": 1,
  "n_query": 148143
}