{
  "OA": 0.9723915817618344,
  "AA": 0.9373236635902901,
  "kappa": 0.9609631731663378,
  "dataset": "PaviaC",
  "seed": 42,
  "mode": "few_shot",
  "k_per_class": 5,
  "n_query": 148107
}