{
  "OA": 0.7679801340017804,
  "AA": 0.8115771603090528,
  "kappa": 0.6966894796021121,
  "dataset": "PaviaU",
  "seed": 43,
  "mode": "few_shot",
  "k_per_class": 10,
  "n_query": 42686
}