{
  "OA": 0.8288581302090071,
  "AA": 0.9049616581508682,
  "kappa": 0.8077154291187225,
  "dataset": "Salinas",
  "seed": 42,
  "mode": "few_shot",
  "k_per_class": 1,
  "n_query": 54113
}