{
  "OA": 0.7261286566998688,
  "AA": 0.8573477199854967,
  "kappa": 0.7010108671566757,
  "dataset": "Salinas",
  "seed": 43,
  "mode": "few_shot",
  "k_per_class": 1,
  "n_query": 54113
}