{
  "OA": 0.850191776760733,
  "AA": 0.9249646862613317,
  "kappa": 0.8343008605885596,
  "dataset": "Salinas",
  "seed": 43,
  "mode": "few_shot",
  "k_per_class": 10,
  "n_query": 53969
}