{
  "OA": 0.8207737423449093,
  "AA": 0.9150680783237894,
  "kappa": 0.8024384912953069,
  "dataset": "Salinas",
  "seed": 44,
  "mode": "few_shot",
  "k_per_class": 5,
  "n_query": 54049
}