{
  "OA": 0.8426318812651707,
  "AA": 0.923454597241613,
  "kappa": 0.825848412262358,
  "dataset": "Salinas",
  "seed": 44,
  "mode": "few_shot",
  "k_per_class": 10,
  "n_query": 53969
}