{
  "OA": 0.830853953763421,
  "AA": 0.8787412906495645,
  "kappa": 0.8110031623059606,
  "dataset": "Salinas",
  "seed": 44,
  "mode": "few_shot",
  "k_per_class": 1,
  "n_query": 54113
}