{
  "OA": 0.8301541194101648,
  "AA": 0.9164677826286762,
  "kappa": 0.8124743616932624,
  "dataset": "Salinas",
  "seed": 43,
  "mode": "few_shot",
  "k_per_class": 5,
  "n_query": 54049
}