{
  "OA": 0.8891746378286369,
  "AA": 0.9390168196532074,
  "kappa": 0.8765105461016801,
  "dataset": "Salinas",
  "seed": 42,
  "mode": "few_shot",
  "k_per_class": 5,
  "n_query": 54049
}