{
  "OA": 0.8946061627971613,
  "AA": 0.9422892720143449,
  "kappa": 0.8826274108506447,
  "dataset": "Salinas",
  "seed": 42,
  "mode": "few_shot",
  "k_per_class": 10,
  "n_query": 53969
}