{
  "OA": 0.7962059620596206,
  "AA": 0.873508294822996,
  "kappa": 0.7708570944846057,
  "dataset": "IndianPines",
  "seed": 42,
  "mode": "zero_shot",
  "n_test": 9225
}