{
  "OA": 0.7917615176151761,
  "AA": 0.8595651703444404,
  "kappa": 0.7661492597235463,
  "dataset": "IndianPines",
  "seed": 43,
  "mode": "zero_shot",
  "n_test": 9225
}