{
  "OA": 0.8096476964769648,
  "AA": 0.8740831759970048,
  "kappa": 0.7857215421075272,
  "dataset": "IndianPines",
  "seed": 44,
  "mode": "zero_shot",
  "n_test": 9225
}