{
  "OA": 0.7625837618824997,
  "AA": 0.8603143682067869,
  "kappa": 0.7030865168936382,
  "dataset": "PaviaU",
  "seed": 42,
  "mode": "zero_shot",
  "n_test": 38502
}