{
  "OA": 0.9764136793160342,
  "AA": 0.9354464570117439,
  "kappa": 0.9666314400084525,
  "dataset": "PaviaC",
  "seed": 42,
  "mode": "zero_shot",
  "n_test": 133340
}