{
  "OA": 0.7783751493428913,
  "AA": 0.8564935287200323,
  "kappa": 0.7184287103821636,
  "dataset": "PaviaU",
  "seed": 43,
  "mode": "zero_shot",
  "n_test": 38502
}