{
  "OA": 0.9732938353082345,
  "AA": 0.9333931447784329,
  "kappa": 0.9622634441178786,
  "dataset": "PaviaC",
  "seed": 43,
  "mode": "zero_shot",
  "n_test": 133340
}