{
  "OA": 0.9660341982900855,
  "AA": 0.9293256321208578,
  "kappa": 0.952103843015994,
  "dataset": "PaviaC",
  "seed": 44,
  "mode": "zero_shot",
  "n_test": 133340
}