{
  "OA": 0.79619240558932,
  "AA": 0.8509175988218117,
  "kappa": 0.7385845336165391,
  "dataset": "PaviaU",
  "seed": 44,
  "mode": "zero_shot",
  "n_test": 38502
}