{
  "OA": 0.8850298663710819,
  "AA": 0.9443261144717837,
  "kappa": 0.8724088540147881,
  "dataset": "Salinas",
  "seed": 44,
  "mode": "zero_shot",
  "n_test": 48717
}