{
  "OA": 0.8867541104747829,
  "AA": 0.9459406218762947,
  "kappa": 0.8742775522725681,
  "dataset": "Salinas",
  "seed": 43,
  "mode": "zero_shot",
  "n_test": 48717
}