{
  "OA": 0.8995217275283782,
  "AA": 0.9544188344306797,
  "kappa": 0.8883891377500044,
  "dataset": "Salinas",
  "seed": 42,
  "mode": "zero_shot",
  "n_test": 48717
}